cause,cause.sub
9100,Accidental drowning and submersion
9101,Accidental drowning and submersion
9102,Accidental drowning and submersion
9103,Accidental drowning and submersion
9104,Accidental drowning and submersion
9108,Accidental drowning and submersion
9109,Accidental drowning and submersion
W650,Accidental drowning and submersion
W660,Accidental drowning and submersion
W670,Accidental drowning and submersion
W680,Accidental drowning and submersion
W690,Accidental drowning and submersion
W700,Accidental drowning and submersion
W730,Accidental drowning and submersion
W740,Accidental drowning and submersion
8800,Accidental falls
8809,Accidental falls
8810,Accidental falls
8811,Accidental falls
8820,Accidental falls
8830,Accidental falls
8831,Accidental falls
8832,Accidental falls
8839,Accidental falls
8840,Accidental falls
8841,Accidental falls
8842,Accidental falls
8849,Accidental falls
8850,Accidental falls
8860,Accidental falls
8869,Accidental falls
8870,Accidental falls
8880,Accidental falls
W000,Accidental falls
W010,Accidental falls
W020,Accidental falls
W030,Accidental falls
W040,Accidental falls
W050,Accidental falls
W060,Accidental falls
W070,Accidental falls
W080,Accidental falls
W090,Accidental falls
W100,Accidental falls
W110,Accidental falls
W120,Accidental falls
W130,Accidental falls
W140,Accidental falls
W150,Accidental falls
W160,Accidental falls
W170,Accidental falls
W180,Accidental falls
W190,Accidental falls
9600,Assault
9601,Assault
9610,Assault
9620,Assault
9621,Assault
9622,Assault
9629,Assault
9630,Assault
9640,Assault
9650,Assault
9651,Assault
9652,Assault
9653,Assault
9654,Assault
9655,Assault
9656,Assault
9657,Assault
9658,Assault
9659,Assault
9660,Assault
9670,Assault
9671,Assault
9679,Assault
9680,Assault
9681,Assault
9682,Assault
9683,Assault
9684,Assault
9688,Assault
9689,Assault
9690,Assault
X850,Assault
X860,Assault
X870,Assault
X880,Assault
X890,Assault
X900,Assault
X910,Assault
X920,Assault
X930,Assault
X940,Assault
X950,Assault
X960,Assault
X970,Assault
X980,Assault
X990,Assault
Y000,Assault
Y010,Assault
Y020,Assault
Y030,Assault
Y040,Assault
Y050,Assault
Y060,Assault
Y061,Assault
Y062,Assault
Y068,Assault
Y069,Assault
Y070,Assault
Y071,Assault
Y072,Assault
Y073,Assault
Y078,Assault
Y079,Assault
Y080,Assault
Y090,Assault
9500,Intentional self-harm
9501,Intentional self-harm
9502,Intentional self-harm
9503,Intentional self-harm
9504,Intentional self-harm
9505,Intentional self-harm
9506,Intentional self-harm
9507,Intentional self-harm
9508,Intentional self-harm
9509,Intentional self-harm
9510,Intentional self-harm
9511,Intentional self-harm
9518,Intentional self-harm
9520,Intentional self-harm
9521,Intentional self-harm
9528,Intentional self-harm
9529,Intentional self-harm
9530,Intentional self-harm
9531,Intentional self-harm
9538,Intentional self-harm
9539,Intentional self-harm
9540,Intentional self-harm
9550,Intentional self-harm
9551,Intentional self-harm
9552,Intentional self-harm
9553,Intentional self-harm
9554,Intentional self-harm
9555,Intentional self-harm
9559,Intentional self-harm
9560,Intentional self-harm
9570,Intentional self-harm
9571,Intentional self-harm
9572,Intentional self-harm
9579,Intentional self-harm
9580,Intentional self-harm
9581,Intentional self-harm
9582,Intentional self-harm
9583,Intentional self-harm
9584,Intentional self-harm
9585,Intentional self-harm
9586,Intentional self-harm
9587,Intentional self-harm
9588,Intentional self-harm
9589,Intentional self-harm
9590,Intentional self-harm
X600,Intentional self-harm
X610,Intentional self-harm
X620,Intentional self-harm
X630,Intentional self-harm
X640,Intentional self-harm
X650,Intentional self-harm
X660,Intentional self-harm
X670,Intentional self-harm
X680,Intentional self-harm
X690,Intentional self-harm
X700,Intentional self-harm
X710,Intentional self-harm
X720,Intentional self-harm
X730,Intentional self-harm
X740,Intentional self-harm
X750,Intentional self-harm
X760,Intentional self-harm
X770,Intentional self-harm
X780,Intentional self-harm
X790,Intentional self-harm
X800,Intentional self-harm
X810,Intentional self-harm
X820,Intentional self-harm
X830,Intentional self-harm
X840,Intentional self-harm
8500,Other external causes of injury
8501,Other external causes of injury
8502,Other external causes of injury
8503,Other external causes of injury
8504,Other external causes of injury
8505,Other external causes of injury
8508,Other external causes of injury
8509,Other external causes of injury
8510,Other external causes of injury
8520,Other external causes of injury
8521,Other external causes of injury
8522,Other external causes of injury
8523,Other external causes of injury
8524,Other external causes of injury
8525,Other external causes of injury
8528,Other external causes of injury
8529,Other external causes of injury
8530,Other external causes of injury
8531,Other external causes of injury
8532,Other external causes of injury
8538,Other external causes of injury
8539,Other external causes of injury
8540,Other external causes of injury
8541,Other external causes of injury
8542,Other external causes of injury
8543,Other external causes of injury
8550,Other external causes of injury
8551,Other external causes of injury
8552,Other external causes of injury
8553,Other external causes of injury
8554,Other external causes of injury
8555,Other external causes of injury
8556,Other external causes of injury
8558,Other external causes of injury
8559,Other external causes of injury
8560,Other external causes of injury
8570,Other external causes of injury
8580,Other external causes of injury
8581,Other external causes of injury
8582,Other external causes of injury
8583,Other external causes of injury
8584,Other external causes of injury
8585,Other external causes of injury
8586,Other external causes of injury
8587,Other external causes of injury
8588,Other external causes of injury
8589,Other external causes of injury
8600,Other external causes of injury
8601,Other external causes of injury
8602,Other external causes of injury
8603,Other external causes of injury
8604,Other external causes of injury
8608,Other external causes of injury
8609,Other external causes of injury
8610,Other external causes of injury
8611,Other external causes of injury
8612,Other external causes of injury
8613,Other external causes of injury
8614,Other external causes of injury
8615,Other external causes of injury
8616,Other external causes of injury
8619,Other external causes of injury
8620,Other external causes of injury
8621,Other external causes of injury
8622,Other external causes of injury
8624,Other external causes of injury
8629,Other external causes of injury
8630,Other external causes of injury
8631,Other external causes of injury
8632,Other external causes of injury
8634,Other external causes of injury
8635,Other external causes of injury
8636,Other external causes of injury
8637,Other external causes of injury
8638,Other external causes of injury
8639,Other external causes of injury
8640,Other external causes of injury
8641,Other external causes of injury
8642,Other external causes of injury
8643,Other external causes of injury
8644,Other external causes of injury
8650,Other external causes of injury
8651,Other external causes of injury
8652,Other external causes of injury
8653,Other external causes of injury
8654,Other external causes of injury
8655,Other external causes of injury
8658,Other external causes of injury
8659,Other external causes of injury
8660,Other external causes of injury
8661,Other external causes of injury
8663,Other external causes of injury
8664,Other external causes of injury
8665,Other external causes of injury
8666,Other external causes of injury
8667,Other external causes of injury
8668,Other external causes of injury
8669,Other external causes of injury
8670,Other external causes of injury
8680,Other external causes of injury
8681,Other external causes of injury
8682,Other external causes of injury
8683,Other external causes of injury
8688,Other external causes of injury
8689,Other external causes of injury
8690,Other external causes of injury
8691,Other external causes of injury
8692,Other external causes of injury
8693,Other external causes of injury
8698,Other external causes of injury
8699,Other external causes of injury
8700,Other external causes of injury
8701,Other external causes of injury
8702,Other external causes of injury
8703,Other external causes of injury
8704,Other external causes of injury
8705,Other external causes of injury
8706,Other external causes of injury
8707,Other external causes of injury
8708,Other external causes of injury
8709,Other external causes of injury
8710,Other external causes of injury
8711,Other external causes of injury
8712,Other external causes of injury
8714,Other external causes of injury
8715,Other external causes of injury
8716,Other external causes of injury
8717,Other external causes of injury
8718,Other external causes of injury
8719,Other external causes of injury
8720,Other external causes of injury
8721,Other external causes of injury
8722,Other external causes of injury
8725,Other external causes of injury
8726,Other external causes of injury
8729,Other external causes of injury
8730,Other external causes of injury
8731,Other external causes of injury
8732,Other external causes of injury
8733,Other external causes of injury
8735,Other external causes of injury
8736,Other external causes of injury
8738,Other external causes of injury
8739,Other external causes of injury
8740,Other external causes of injury
8741,Other external causes of injury
8742,Other external causes of injury
8743,Other external causes of injury
8744,Other external causes of injury
8745,Other external causes of injury
8748,Other external causes of injury
8749,Other external causes of injury
8750,Other external causes of injury
8751,Other external causes of injury
8752,Other external causes of injury
8758,Other external causes of injury
8759,Other external causes of injury
8760,Other external causes of injury
8761,Other external causes of injury
8762,Other external causes of injury
8763,Other external causes of injury
8764,Other external causes of injury
8765,Other external causes of injury
8768,Other external causes of injury
8769,Other external causes of injury
8780,Other external causes of injury
8781,Other external causes of injury
8782,Other external causes of injury
8783,Other external causes of injury
8784,Other external causes of injury
8785,Other external causes of injury
8786,Other external causes of injury
8788,Other external causes of injury
8789,Other external causes of injury
8790,Other external causes of injury
8791,Other external causes of injury
8792,Other external causes of injury
8793,Other external causes of injury
8794,Other external causes of injury
8795,Other external causes of injury
8796,Other external causes of injury
8797,Other external causes of injury
8798,Other external causes of injury
8799,Other external causes of injury
8900,Other external causes of injury
8901,Other external causes of injury
8902,Other external causes of injury
8903,Other external causes of injury
8908,Other external causes of injury
8909,Other external causes of injury
8910,Other external causes of injury
8911,Other external causes of injury
8912,Other external causes of injury
8913,Other external causes of injury
8918,Other external causes of injury
8919,Other external causes of injury
8920,Other external causes of injury
8930,Other external causes of injury
8931,Other external causes of injury
8932,Other external causes of injury
8938,Other external causes of injury
8939,Other external causes of injury
8940,Other external causes of injury
8950,Other external causes of injury
8960,Other external causes of injury
8970,Other external causes of injury
8980,Other external causes of injury
8981,Other external causes of injury
8990,Other external causes of injury
9001,Other external causes of injury
9009,Other external causes of injury
9011,Other external causes of injury
9018,Other external causes of injury
9019,Other external causes of injury
9020,Other external causes of injury
9021,Other external causes of injury
9022,Other external causes of injury
9028,Other external causes of injury
9029,Other external causes of injury
9030,Other external causes of injury
9040,Other external causes of injury
9041,Other external causes of injury
9042,Other external causes of injury
9043,Other external causes of injury
9049,Other external causes of injury
9050,Other external causes of injury
9051,Other external causes of injury
9052,Other external causes of injury
9053,Other external causes of injury
9054,Other external causes of injury
9055,Other external causes of injury
9056,Other external causes of injury
9057,Other external causes of injury
9058,Other external causes of injury
9059,Other external causes of injury
9060,Other external causes of injury
9061,Other external causes of injury
9062,Other external causes of injury
9063,Other external causes of injury
9064,Other external causes of injury
9068,Other external causes of injury
9069,Other external causes of injury
9070,Other external causes of injury
9080,Other external causes of injury
9090,Other external causes of injury
9110,Other external causes of injury
9120,Other external causes of injury
9130,Other external causes of injury
9131,Other external causes of injury
9132,Other external causes of injury
9133,Other external causes of injury
9138,Other external causes of injury
9139,Other external causes of injury
9140,Other external causes of injury
9150,Other external causes of injury
9160,Other external causes of injury
9170,Other external causes of injury
9171,Other external causes of injury
9172,Other external causes of injury
9179,Other external causes of injury
9180,Other external causes of injury
9190,Other external causes of injury
9191,Other external causes of injury
9192,Other external causes of injury
9193,Other external causes of injury
9194,Other external causes of injury
9195,Other external causes of injury
9196,Other external causes of injury
9197,Other external causes of injury
9198,Other external causes of injury
9199,Other external causes of injury
9200,Other external causes of injury
9201,Other external causes of injury
9202,Other external causes of injury
9203,Other external causes of injury
9204,Other external causes of injury
9208,Other external causes of injury
9209,Other external causes of injury
9210,Other external causes of injury
9211,Other external causes of injury
9218,Other external causes of injury
9219,Other external causes of injury
9220,Other external causes of injury
9221,Other external causes of injury
9222,Other external causes of injury
9223,Other external causes of injury
9228,Other external causes of injury
9229,Other external causes of injury
9230,Other external causes of injury
9231,Other external causes of injury
9232,Other external causes of injury
9238,Other external causes of injury
9239,Other external causes of injury
9240,Other external causes of injury
9241,Other external causes of injury
9248,Other external causes of injury
9249,Other external causes of injury
9250,Other external causes of injury
9251,Other external causes of injury
9252,Other external causes of injury
9258,Other external causes of injury
9259,Other external causes of injury
9262,Other external causes of injury
9268,Other external causes of injury
9269,Other external causes of injury
9270,Other external causes of injury
9280,Other external causes of injury
9281,Other external causes of injury
9282,Other external causes of injury
9288,Other external causes of injury
9289,Other external causes of injury
9290,Other external causes of injury
9291,Other external causes of injury
9292,Other external causes of injury
9293,Other external causes of injury
9294,Other external causes of injury
9295,Other external causes of injury
9298,Other external causes of injury
9299,Other external causes of injury
9300,Other external causes of injury
9301,Other external causes of injury
9302,Other external causes of injury
9303,Other external causes of injury
9304,Other external causes of injury
9305,Other external causes of injury
9306,Other external causes of injury
9307,Other external causes of injury
9308,Other external causes of injury
9309,Other external causes of injury
9310,Other external causes of injury
9312,Other external causes of injury
9314,Other external causes of injury
9317,Other external causes of injury
9318,Other external causes of injury
9319,Other external causes of injury
9320,Other external causes of injury
9321,Other external causes of injury
9322,Other external causes of injury
9323,Other external causes of injury
9324,Other external causes of injury
9327,Other external causes of injury
9328,Other external causes of injury
9329,Other external causes of injury
9330,Other external causes of injury
9331,Other external causes of injury
9332,Other external causes of injury
9334,Other external causes of injury
9340,Other external causes of injury
9341,Other external causes of injury
9342,Other external causes of injury
9343,Other external causes of injury
9344,Other external causes of injury
9345,Other external causes of injury
9346,Other external causes of injury
9347,Other external causes of injury
9348,Other external causes of injury
9349,Other external causes of injury
9350,Other external causes of injury
9351,Other external causes of injury
9352,Other external causes of injury
9353,Other external causes of injury
9354,Other external causes of injury
9355,Other external causes of injury
9358,Other external causes of injury
9359,Other external causes of injury
9360,Other external causes of injury
9361,Other external causes of injury
9363,Other external causes of injury
9364,Other external causes of injury
9370,Other external causes of injury
9371,Other external causes of injury
9375,Other external causes of injury
9379,Other external causes of injury
9380,Other external causes of injury
9381,Other external causes of injury
9382,Other external causes of injury
9383,Other external causes of injury
9384,Other external causes of injury
9385,Other external causes of injury
9386,Other external causes of injury
9387,Other external causes of injury
9389,Other external causes of injury
9390,Other external causes of injury
9391,Other external causes of injury
9392,Other external causes of injury
9393,Other external causes of injury
9394,Other external causes of injury
9395,Other external causes of injury
9396,Other external causes of injury
9397,Other external causes of injury
9398,Other external causes of injury
9399,Other external causes of injury
9400,Other external causes of injury
9401,Other external causes of injury
9408,Other external causes of injury
9409,Other external causes of injury
9410,Other external causes of injury
9411,Other external causes of injury
9412,Other external causes of injury
9413,Other external causes of injury
9419,Other external causes of injury
9420,Other external causes of injury
9421,Other external causes of injury
9422,Other external causes of injury
9424,Other external causes of injury
9426,Other external causes of injury
9428,Other external causes of injury
9429,Other external causes of injury
9430,Other external causes of injury
9433,Other external causes of injury
9434,Other external causes of injury
9441,Other external causes of injury
9442,Other external causes of injury
9443,Other external causes of injury
9444,Other external causes of injury
9445,Other external causes of injury
9446,Other external causes of injury
9447,Other external causes of injury
9452,Other external causes of injury
9454,Other external causes of injury
9455,Other external causes of injury
9456,Other external causes of injury
9457,Other external causes of injury
9458,Other external causes of injury
9460,Other external causes of injury
9461,Other external causes of injury
9463,Other external causes of injury
9464,Other external causes of injury
9465,Other external causes of injury
9466,Other external causes of injury
9467,Other external causes of injury
9468,Other external causes of injury
9469,Other external causes of injury
9470,Other external causes of injury
9471,Other external causes of injury
9473,Other external causes of injury
9474,Other external causes of injury
9478,Other external causes of injury
9479,Other external causes of injury
9480,Other external causes of injury
9481,Other external causes of injury
9484,Other external causes of injury
9485,Other external causes of injury
9486,Other external causes of injury
9488,Other external causes of injury
9489,Other external causes of injury
9491,Other external causes of injury
9494,Other external causes of injury
9496,Other external causes of injury
9499,Other external causes of injury
9700,Other external causes of injury
9710,Other external causes of injury
9720,Other external causes of injury
9730,Other external causes of injury
9740,Other external causes of injury
9750,Other external causes of injury
9760,Other external causes of injury
9770,Other external causes of injury
9780,Other external causes of injury
9800,Other external causes of injury
9801,Other external causes of injury
9802,Other external causes of injury
9803,Other external causes of injury
9804,Other external causes of injury
9805,Other external causes of injury
9806,Other external causes of injury
9807,Other external causes of injury
9808,Other external causes of injury
9809,Other external causes of injury
9810,Other external causes of injury
9811,Other external causes of injury
9818,Other external causes of injury
9820,Other external causes of injury
9821,Other external causes of injury
9828,Other external causes of injury
9829,Other external causes of injury
9830,Other external causes of injury
9831,Other external causes of injury
9838,Other external causes of injury
9839,Other external causes of injury
9840,Other external causes of injury
9850,Other external causes of injury
9851,Other external causes of injury
9852,Other external causes of injury
9853,Other external causes of injury
9854,Other external causes of injury
9855,Other external causes of injury
9860,Other external causes of injury
9870,Other external causes of injury
9871,Other external causes of injury
9872,Other external causes of injury
9879,Other external causes of injury
9880,Other external causes of injury
9881,Other external causes of injury
9882,Other external causes of injury
9883,Other external causes of injury
9884,Other external causes of injury
9885,Other external causes of injury
9886,Other external causes of injury
9887,Other external causes of injury
9888,Other external causes of injury
9889,Other external causes of injury
9890,Other external causes of injury
9909,Other external causes of injury
9912,Other external causes of injury
9919,Other external causes of injury
9930,Other external causes of injury
9950,Other external causes of injury
9960,Other external causes of injury
9970,Other external causes of injury
9979,Other external causes of injury
9990,Other external causes of injury
W200,Other external causes of injury
W210,Other external causes of injury
W220,Other external causes of injury
W230,Other external causes of injury
W240,Other external causes of injury
W250,Other external causes of injury
W260,Other external causes of injury
W270,Other external causes of injury
W280,Other external causes of injury
W290,Other external causes of injury
W300,Other external causes of injury
W310,Other external causes of injury
W320,Other external causes of injury
W330,Other external causes of injury
W340,Other external causes of injury
W350,Other external causes of injury
W360,Other external causes of injury
W370,Other external causes of injury
W380,Other external causes of injury
W390,Other external causes of injury
W400,Other external causes of injury
W410,Other external causes of injury
W420,Other external causes of injury
W440,Other external causes of injury
W450,Other external causes of injury
W460,Other external causes of injury
W490,Other external causes of injury
W500,Other external causes of injury
W510,Other external causes of injury
W520,Other external causes of injury
W530,Other external causes of injury
W540,Other external causes of injury
W550,Other external causes of injury
W560,Other external causes of injury
W570,Other external causes of injury
W580,Other external causes of injury
W590,Other external causes of injury
W600,Other external causes of injury
W640,Other external causes of injury
W750,Other external causes of injury
W760,Other external causes of injury
W770,Other external causes of injury
W780,Other external causes of injury
W790,Other external causes of injury
W800,Other external causes of injury
W810,Other external causes of injury
W830,Other external causes of injury
W840,Other external causes of injury
W850,Other external causes of injury
W860,Other external causes of injury
W870,Other external causes of injury
W890,Other external causes of injury
W920,Other external causes of injury
W930,Other external causes of injury
W940,Other external causes of injury
W990,Other external causes of injury
X000,Other external causes of injury
X010,Other external causes of injury
X020,Other external causes of injury
X030,Other external causes of injury
X040,Other external causes of injury
X050,Other external causes of injury
X060,Other external causes of injury
X080,Other external causes of injury
X090,Other external causes of injury
X100,Other external causes of injury
X110,Other external causes of injury
X120,Other external causes of injury
X130,Other external causes of injury
X140,Other external causes of injury
X150,Other external causes of injury
X160,Other external causes of injury
X170,Other external causes of injury
X180,Other external causes of injury
X190,Other external causes of injury
X200,Other external causes of injury
X210,Other external causes of injury
X220,Other external causes of injury
X230,Other external causes of injury
X240,Other external causes of injury
X250,Other external causes of injury
X260,Other external causes of injury
X280,Other external causes of injury
X290,Other external causes of injury
X300,Other external causes of injury
X310,Other external causes of injury
X320,Other external causes of injury
X330,Other external causes of injury
X340,Other external causes of injury
X350,Other external causes of injury
X360,Other external causes of injury
X370,Other external causes of injury
X380,Other external causes of injury
X390,Other external causes of injury
X400,Other external causes of injury
X410,Other external causes of injury
X420,Other external causes of injury
X430,Other external causes of injury
X440,Other external causes of injury
X450,Other external causes of injury
X460,Other external causes of injury
X470,Other external causes of injury
X480,Other external causes of injury
X490,Other external causes of injury
X500,Other external causes of injury
X510,Other external causes of injury
X520,Other external causes of injury
X530,Other external causes of injury
X540,Other external causes of injury
X570,Other external causes of injury
X580,Other external causes of injury
X590,Other external causes of injury
X599,Other external causes of injury
Y100,Other external causes of injury
Y110,Other external causes of injury
Y120,Other external causes of injury
Y130,Other external causes of injury
Y140,Other external causes of injury
Y150,Other external causes of injury
Y160,Other external causes of injury
Y170,Other external causes of injury
Y180,Other external causes of injury
Y190,Other external causes of injury
Y200,Other external causes of injury
Y210,Other external causes of injury
Y220,Other external causes of injury
Y230,Other external causes of injury
Y240,Other external causes of injury
Y250,Other external causes of injury
Y260,Other external causes of injury
Y270,Other external causes of injury
Y280,Other external causes of injury
Y290,Other external causes of injury
Y300,Other external causes of injury
Y310,Other external causes of injury
Y320,Other external causes of injury
Y330,Other external causes of injury
Y340,Other external causes of injury
Y350,Other external causes of injury
Y351,Other external causes of injury
Y352,Other external causes of injury
Y353,Other external causes of injury
Y355,Other external causes of injury
Y356,Other external causes of injury
Y357,Other external causes of injury
Y362,Other external causes of injury
Y364,Other external causes of injury
Y366,Other external causes of injury
Y367,Other external causes of injury
Y368,Other external causes of injury
Y369,Other external causes of injury
Y400,Other external causes of injury
Y401,Other external causes of injury
Y402,Other external causes of injury
Y403,Other external causes of injury
Y404,Other external causes of injury
Y405,Other external causes of injury
Y406,Other external causes of injury
Y407,Other external causes of injury
Y408,Other external causes of injury
Y409,Other external causes of injury
Y410,Other external causes of injury
Y411,Other external causes of injury
Y412,Other external causes of injury
Y414,Other external causes of injury
Y415,Other external causes of injury
Y418,Other external causes of injury
Y419,Other external causes of injury
Y420,Other external causes of injury
Y421,Other external causes of injury
Y422,Other external causes of injury
Y423,Other external causes of injury
Y424,Other external causes of injury
Y425,Other external causes of injury
Y427,Other external causes of injury
Y428,Other external causes of injury
Y429,Other external causes of injury
Y430,Other external causes of injury
Y431,Other external causes of injury
Y433,Other external causes of injury
Y434,Other external causes of injury
Y435,Other external causes of injury
Y436,Other external causes of injury
Y439,Other external causes of injury
Y440,Other external causes of injury
Y441,Other external causes of injury
Y442,Other external causes of injury
Y443,Other external causes of injury
Y445,Other external causes of injury
Y446,Other external causes of injury
Y447,Other external causes of injury
Y449,Other external causes of injury
Y450,Other external causes of injury
Y451,Other external causes of injury
Y452,Other external causes of injury
Y453,Other external causes of injury
Y454,Other external causes of injury
Y455,Other external causes of injury
Y458,Other external causes of injury
Y459,Other external causes of injury
Y461,Other external causes of injury
Y462,Other external causes of injury
Y464,Other external causes of injury
Y465,Other external causes of injury
Y466,Other external causes of injury
Y467,Other external causes of injury
Y468,Other external causes of injury
Y470,Other external causes of injury
Y471,Other external causes of injury
Y472,Other external causes of injury
Y478,Other external causes of injury
Y479,Other external causes of injury
Y480,Other external causes of injury
Y481,Other external causes of injury
Y482,Other external causes of injury
Y483,Other external causes of injury
Y484,Other external causes of injury
Y485,Other external causes of injury
Y490,Other external causes of injury
Y491,Other external causes of injury
Y492,Other external causes of injury
Y493,Other external causes of injury
Y494,Other external causes of injury
Y495,Other external causes of injury
Y497,Other external causes of injury
Y498,Other external causes of injury
Y499,Other external causes of injury
Y509,Other external causes of injury
Y513,Other external causes of injury
Y515,Other external causes of injury
Y517,Other external causes of injury
Y518,Other external causes of injury
Y519,Other external causes of injury
Y520,Other external causes of injury
Y521,Other external causes of injury
Y522,Other external causes of injury
Y523,Other external causes of injury
Y524,Other external causes of injury
Y525,Other external causes of injury
Y526,Other external causes of injury
Y527,Other external causes of injury
Y529,Other external causes of injury
Y530,Other external causes of injury
Y531,Other external causes of injury
Y533,Other external causes of injury
Y534,Other external causes of injury
Y535,Other external causes of injury
Y536,Other external causes of injury
Y538,Other external causes of injury
Y539,Other external causes of injury
Y540,Other external causes of injury
Y543,Other external causes of injury
Y544,Other external causes of injury
Y545,Other external causes of injury
Y546,Other external causes of injury
Y548,Other external causes of injury
Y549,Other external causes of injury
Y550,Other external causes of injury
Y551,Other external causes of injury
Y552,Other external causes of injury
Y553,Other external causes of injury
Y554,Other external causes of injury
Y555,Other external causes of injury
Y556,Other external causes of injury
Y557,Other external causes of injury
Y560,Other external causes of injury
Y563,Other external causes of injury
Y564,Other external causes of injury
Y567,Other external causes of injury
Y568,Other external causes of injury
Y569,Other external causes of injury
Y570,Other external causes of injury
Y574,Other external causes of injury
Y575,Other external causes of injury
Y576,Other external causes of injury
Y577,Other external causes of injury
Y578,Other external causes of injury
Y579,Other external causes of injury
Y584,Other external causes of injury
Y586,Other external causes of injury
Y590,Other external causes of injury
Y598,Other external causes of injury
Y599,Other external causes of injury
Y600,Other external causes of injury
Y601,Other external causes of injury
Y602,Other external causes of injury
Y603,Other external causes of injury
Y604,Other external causes of injury
Y605,Other external causes of injury
Y606,Other external causes of injury
Y607,Other external causes of injury
Y608,Other external causes of injury
Y609,Other external causes of injury
Y610,Other external causes of injury
Y611,Other external causes of injury
Y612,Other external causes of injury
Y614,Other external causes of injury
Y615,Other external causes of injury
Y616,Other external causes of injury
Y617,Other external causes of injury
Y618,Other external causes of injury
Y619,Other external causes of injury
Y622,Other external causes of injury
Y623,Other external causes of injury
Y624,Other external causes of injury
Y625,Other external causes of injury
Y626,Other external causes of injury
Y628,Other external causes of injury
Y630,Other external causes of injury
Y631,Other external causes of injury
Y632,Other external causes of injury
Y633,Other external causes of injury
Y634,Other external causes of injury
Y636,Other external causes of injury
Y638,Other external causes of injury
Y639,Other external causes of injury
Y640,Other external causes of injury
Y641,Other external causes of injury
Y648,Other external causes of injury
Y649,Other external causes of injury
Y650,Other external causes of injury
Y651,Other external causes of injury
Y653,Other external causes of injury
Y654,Other external causes of injury
Y658,Other external causes of injury
Y660,Other external causes of injury
Y690,Other external causes of injury
Y703,Other external causes of injury
Y712,Other external causes of injury
Y728,Other external causes of injury
Y730,Other external causes of injury
Y731,Other external causes of injury
Y732,Other external causes of injury
Y741,Other external causes of injury
Y743,Other external causes of injury
Y750,Other external causes of injury
Y800,Other external causes of injury
Y801,Other external causes of injury
Y802,Other external causes of injury
Y808,Other external causes of injury
Y812,Other external causes of injury
Y818,Other external causes of injury
Y820,Other external causes of injury
Y821,Other external causes of injury
Y822,Other external causes of injury
Y823,Other external causes of injury
Y828,Other external causes of injury
Y830,Other external causes of injury
Y831,Other external causes of injury
Y832,Other external causes of injury
Y833,Other external causes of injury
Y834,Other external causes of injury
Y835,Other external causes of injury
Y836,Other external causes of injury
Y838,Other external causes of injury
Y839,Other external causes of injury
Y840,Other external causes of injury
Y841,Other external causes of injury
Y842,Other external causes of injury
Y843,Other external causes of injury
Y844,Other external causes of injury
Y845,Other external causes of injury
Y846,Other external causes of injury
Y847,Other external causes of injury
Y848,Other external causes of injury
Y849,Other external causes of injury
Y850,Other external causes of injury
Y859,Other external causes of injury
Y860,Other external causes of injury
Y870,Other external causes of injury
Y871,Other external causes of injury
Y872,Other external causes of injury
Y880,Other external causes of injury
Y881,Other external causes of injury
Y882,Other external causes of injury
Y883,Other external causes of injury
Y890,Other external causes of injury
Y891,Other external causes of injury
Y899,Other external causes of injury
8000,Transport accidents
8001,Transport accidents
8002,Transport accidents
8003,Transport accidents
8008,Transport accidents
8009,Transport accidents
8010,Transport accidents
8011,Transport accidents
8012,Transport accidents
8013,Transport accidents
8018,Transport accidents
8019,Transport accidents
8020,Transport accidents
8021,Transport accidents
8022,Transport accidents
8028,Transport accidents
8029,Transport accidents
8030,Transport accidents
8031,Transport accidents
8039,Transport accidents
8040,Transport accidents
8041,Transport accidents
8042,Transport accidents
8048,Transport accidents
8049,Transport accidents
8050,Transport accidents
8051,Transport accidents
8052,Transport accidents
8053,Transport accidents
8058,Transport accidents
8059,Transport accidents
8060,Transport accidents
8061,Transport accidents
8062,Transport accidents
8063,Transport accidents
8068,Transport accidents
8069,Transport accidents
8070,Transport accidents
8071,Transport accidents
8072,Transport accidents
8078,Transport accidents
8079,Transport accidents
8100,Transport accidents
8101,Transport accidents
8102,Transport accidents
8103,Transport accidents
8104,Transport accidents
8105,Transport accidents
8106,Transport accidents
8107,Transport accidents
8108,Transport accidents
8109,Transport accidents
8110,Transport accidents
8111,Transport accidents
8112,Transport accidents
8113,Transport accidents
8119,Transport accidents
8120,Transport accidents
8121,Transport accidents
8122,Transport accidents
8123,Transport accidents
8124,Transport accidents
8125,Transport accidents
8126,Transport accidents
8127,Transport accidents
8128,Transport accidents
8129,Transport accidents
8130,Transport accidents
8131,Transport accidents
8132,Transport accidents
8133,Transport accidents
8135,Transport accidents
8136,Transport accidents
8137,Transport accidents
8138,Transport accidents
8139,Transport accidents
8140,Transport accidents
8141,Transport accidents
8142,Transport accidents
8143,Transport accidents
8144,Transport accidents
8145,Transport accidents
8146,Transport accidents
8147,Transport accidents
8148,Transport accidents
8149,Transport accidents
8150,Transport accidents
8151,Transport accidents
8152,Transport accidents
8153,Transport accidents
8154,Transport accidents
8155,Transport accidents
8156,Transport accidents
8157,Transport accidents
8158,Transport accidents
8159,Transport accidents
8160,Transport accidents
8161,Transport accidents
8162,Transport accidents
8163,Transport accidents
8164,Transport accidents
8166,Transport accidents
8167,Transport accidents
8168,Transport accidents
8169,Transport accidents
8170,Transport accidents
8171,Transport accidents
8173,Transport accidents
8174,Transport accidents
8177,Transport accidents
8178,Transport accidents
8179,Transport accidents
8180,Transport accidents
8181,Transport accidents
8182,Transport accidents
8183,Transport accidents
8184,Transport accidents
8186,Transport accidents
8187,Transport accidents
8188,Transport accidents
8189,Transport accidents
8190,Transport accidents
8191,Transport accidents
8192,Transport accidents
8193,Transport accidents
8196,Transport accidents
8197,Transport accidents
8198,Transport accidents
8199,Transport accidents
8200,Transport accidents
8201,Transport accidents
8202,Transport accidents
8203,Transport accidents
8207,Transport accidents
8208,Transport accidents
8209,Transport accidents
8210,Transport accidents
8211,Transport accidents
8212,Transport accidents
8213,Transport accidents
8215,Transport accidents
8216,Transport accidents
8217,Transport accidents
8218,Transport accidents
8219,Transport accidents
8220,Transport accidents
8221,Transport accidents
8222,Transport accidents
8223,Transport accidents
8225,Transport accidents
8226,Transport accidents
8227,Transport accidents
8228,Transport accidents
8229,Transport accidents
8230,Transport accidents
8231,Transport accidents
8232,Transport accidents
8233,Transport accidents
8236,Transport accidents
8237,Transport accidents
8238,Transport accidents
8239,Transport accidents
8240,Transport accidents
8241,Transport accidents
8242,Transport accidents
8243,Transport accidents
8246,Transport accidents
8247,Transport accidents
8248,Transport accidents
8249,Transport accidents
8250,Transport accidents
8251,Transport accidents
8252,Transport accidents
8253,Transport accidents
8254,Transport accidents
8256,Transport accidents
8257,Transport accidents
8258,Transport accidents
8259,Transport accidents
8260,Transport accidents
8261,Transport accidents
8262,Transport accidents
8263,Transport accidents
8268,Transport accidents
8269,Transport accidents
8270,Transport accidents
8272,Transport accidents
8273,Transport accidents
8278,Transport accidents
8279,Transport accidents
8280,Transport accidents
8281,Transport accidents
8282,Transport accidents
8283,Transport accidents
8284,Transport accidents
8288,Transport accidents
8289,Transport accidents
8290,Transport accidents
8291,Transport accidents
8293,Transport accidents
8294,Transport accidents
8298,Transport accidents
8299,Transport accidents
8300,Transport accidents
8301,Transport accidents
8302,Transport accidents
8303,Transport accidents
8304,Transport accidents
8305,Transport accidents
8308,Transport accidents
8309,Transport accidents
8310,Transport accidents
8311,Transport accidents
8312,Transport accidents
8313,Transport accidents
8314,Transport accidents
8316,Transport accidents
8318,Transport accidents
8319,Transport accidents
8320,Transport accidents
8321,Transport accidents
8322,Transport accidents
8323,Transport accidents
8324,Transport accidents
8325,Transport accidents
8326,Transport accidents
8328,Transport accidents
8329,Transport accidents
8330,Transport accidents
8331,Transport accidents
8332,Transport accidents
8333,Transport accidents
8339,Transport accidents
8340,Transport accidents
8341,Transport accidents
8342,Transport accidents
8343,Transport accidents
8344,Transport accidents
8346,Transport accidents
8348,Transport accidents
8349,Transport accidents
8350,Transport accidents
8351,Transport accidents
8352,Transport accidents
8353,Transport accidents
8354,Transport accidents
8355,Transport accidents
8356,Transport accidents
8358,Transport accidents
8359,Transport accidents
8360,Transport accidents
8361,Transport accidents
8362,Transport accidents
8363,Transport accidents
8366,Transport accidents
8368,Transport accidents
8369,Transport accidents
8370,Transport accidents
8371,Transport accidents
8372,Transport accidents
8373,Transport accidents
8378,Transport accidents
8379,Transport accidents
8380,Transport accidents
8381,Transport accidents
8382,Transport accidents
8383,Transport accidents
8384,Transport accidents
8385,Transport accidents
8386,Transport accidents
8388,Transport accidents
8389,Transport accidents
8400,Transport accidents
8401,Transport accidents
8402,Transport accidents
8403,Transport accidents
8404,Transport accidents
8405,Transport accidents
8406,Transport accidents
8408,Transport accidents
8409,Transport accidents
8410,Transport accidents
8411,Transport accidents
8412,Transport accidents
8413,Transport accidents
8414,Transport accidents
8415,Transport accidents
8416,Transport accidents
8417,Transport accidents
8418,Transport accidents
8419,Transport accidents
8420,Transport accidents
8421,Transport accidents
8422,Transport accidents
8423,Transport accidents
8425,Transport accidents
8426,Transport accidents
8427,Transport accidents
8429,Transport accidents
8431,Transport accidents
8432,Transport accidents
8433,Transport accidents
8434,Transport accidents
8435,Transport accidents
8436,Transport accidents
8437,Transport accidents
8438,Transport accidents
8439,Transport accidents
8440,Transport accidents
8441,Transport accidents
8442,Transport accidents
8443,Transport accidents
8444,Transport accidents
8445,Transport accidents
8446,Transport accidents
8447,Transport accidents
8448,Transport accidents
8449,Transport accidents
8450,Transport accidents
8452,Transport accidents
8453,Transport accidents
8460,Transport accidents
8470,Transport accidents
8480,Transport accidents
V010,Transport accidents
V011,Transport accidents
V019,Transport accidents
V020,Transport accidents
V021,Transport accidents
V029,Transport accidents
V030,Transport accidents
V031,Transport accidents
V039,Transport accidents
V040,Transport accidents
V041,Transport accidents
V049,Transport accidents
V050,Transport accidents
V051,Transport accidents
V059,Transport accidents
V060,Transport accidents
V061,Transport accidents
V069,Transport accidents
V090,Transport accidents
V091,Transport accidents
V092,Transport accidents
V093,Transport accidents
V099,Transport accidents
V100,Transport accidents
V102,Transport accidents
V104,Transport accidents
V109,Transport accidents
V110,Transport accidents
V112,Transport accidents
V114,Transport accidents
V119,Transport accidents
V121,Transport accidents
V124,Transport accidents
V129,Transport accidents
V130,Transport accidents
V131,Transport accidents
V132,Transport accidents
V133,Transport accidents
V134,Transport accidents
V135,Transport accidents
V139,Transport accidents
V140,Transport accidents
V141,Transport accidents
V142,Transport accidents
V143,Transport accidents
V144,Transport accidents
V145,Transport accidents
V149,Transport accidents
V150,Transport accidents
V151,Transport accidents
V152,Transport accidents
V154,Transport accidents
V155,Transport accidents
V159,Transport accidents
V162,Transport accidents
V164,Transport accidents
V169,Transport accidents
V170,Transport accidents
V172,Transport accidents
V174,Transport accidents
V175,Transport accidents
V179,Transport accidents
V180,Transport accidents
V181,Transport accidents
V182,Transport accidents
V183,Transport accidents
V184,Transport accidents
V185,Transport accidents
V189,Transport accidents
V190,Transport accidents
V191,Transport accidents
V192,Transport accidents
V193,Transport accidents
V194,Transport accidents
V195,Transport accidents
V196,Transport accidents
V198,Transport accidents
V199,Transport accidents
V200,Transport accidents
V201,Transport accidents
V202,Transport accidents
V204,Transport accidents
V205,Transport accidents
V209,Transport accidents
V210,Transport accidents
V214,Transport accidents
V215,Transport accidents
V219,Transport accidents
V220,Transport accidents
V221,Transport accidents
V222,Transport accidents
V223,Transport accidents
V224,Transport accidents
V225,Transport accidents
V229,Transport accidents
V230,Transport accidents
V231,Transport accidents
V232,Transport accidents
V233,Transport accidents
V234,Transport accidents
V235,Transport accidents
V239,Transport accidents
V240,Transport accidents
V241,Transport accidents
V242,Transport accidents
V243,Transport accidents
V244,Transport accidents
V245,Transport accidents
V249,Transport accidents
V250,Transport accidents
V251,Transport accidents
V252,Transport accidents
V254,Transport accidents
V255,Transport accidents
V259,Transport accidents
V260,Transport accidents
V261,Transport accidents
V263,Transport accidents
V264,Transport accidents
V265,Transport accidents
V269,Transport accidents
V270,Transport accidents
V271,Transport accidents
V272,Transport accidents
V273,Transport accidents
V274,Transport accidents
V275,Transport accidents
V279,Transport accidents
V280,Transport accidents
V281,Transport accidents
V282,Transport accidents
V283,Transport accidents
V284,Transport accidents
V285,Transport accidents
V289,Transport accidents
V290,Transport accidents
V291,Transport accidents
V292,Transport accidents
V293,Transport accidents
V294,Transport accidents
V295,Transport accidents
V296,Transport accidents
V298,Transport accidents
V299,Transport accidents
V301,Transport accidents
V302,Transport accidents
V305,Transport accidents
V309,Transport accidents
V319,Transport accidents
V320,Transport accidents
V324,Transport accidents
V325,Transport accidents
V329,Transport accidents
V334,Transport accidents
V335,Transport accidents
V336,Transport accidents
V339,Transport accidents
V340,Transport accidents
V345,Transport accidents
V346,Transport accidents
V349,Transport accidents
V353,Transport accidents
V355,Transport accidents
V356,Transport accidents
V359,Transport accidents
V365,Transport accidents
V370,Transport accidents
V371,Transport accidents
V375,Transport accidents
V376,Transport accidents
V379,Transport accidents
V380,Transport accidents
V381,Transport accidents
V383,Transport accidents
V384,Transport accidents
V385,Transport accidents
V386,Transport accidents
V389,Transport accidents
V392,Transport accidents
V393,Transport accidents
V394,Transport accidents
V395,Transport accidents
V396,Transport accidents
V398,Transport accidents
V399,Transport accidents
V400,Transport accidents
V401,Transport accidents
V402,Transport accidents
V403,Transport accidents
V404,Transport accidents
V405,Transport accidents
V406,Transport accidents
V407,Transport accidents
V409,Transport accidents
V415,Transport accidents
V416,Transport accidents
V419,Transport accidents
V420,Transport accidents
V423,Transport accidents
V424,Transport accidents
V425,Transport accidents
V426,Transport accidents
V427,Transport accidents
V429,Transport accidents
V430,Transport accidents
V431,Transport accidents
V432,Transport accidents
V433,Transport accidents
V434,Transport accidents
V435,Transport accidents
V436,Transport accidents
V437,Transport accidents
V439,Transport accidents
V440,Transport accidents
V441,Transport accidents
V443,Transport accidents
V444,Transport accidents
V445,Transport accidents
V446,Transport accidents
V447,Transport accidents
V449,Transport accidents
V450,Transport accidents
V451,Transport accidents
V453,Transport accidents
V454,Transport accidents
V455,Transport accidents
V456,Transport accidents
V459,Transport accidents
V460,Transport accidents
V461,Transport accidents
V463,Transport accidents
V464,Transport accidents
V465,Transport accidents
V466,Transport accidents
V467,Transport accidents
V469,Transport accidents
V470,Transport accidents
V471,Transport accidents
V472,Transport accidents
V473,Transport accidents
V474,Transport accidents
V475,Transport accidents
V476,Transport accidents
V477,Transport accidents
V479,Transport accidents
V480,Transport accidents
V481,Transport accidents
V482,Transport accidents
V483,Transport accidents
V484,Transport accidents
V485,Transport accidents
V486,Transport accidents
V487,Transport accidents
V489,Transport accidents
V490,Transport accidents
V491,Transport accidents
V492,Transport accidents
V493,Transport accidents
V494,Transport accidents
V495,Transport accidents
V496,Transport accidents
V498,Transport accidents
V499,Transport accidents
V501,Transport accidents
V503,Transport accidents
V504,Transport accidents
V505,Transport accidents
V506,Transport accidents
V507,Transport accidents
V509,Transport accidents
V515,Transport accidents
V516,Transport accidents
V519,Transport accidents
V525,Transport accidents
V526,Transport accidents
V529,Transport accidents
V530,Transport accidents
V531,Transport accidents
V533,Transport accidents
V534,Transport accidents
V535,Transport accidents
V536,Transport accidents
V537,Transport accidents
V539,Transport accidents
V540,Transport accidents
V541,Transport accidents
V543,Transport accidents
V544,Transport accidents
V545,Transport accidents
V546,Transport accidents
V547,Transport accidents
V549,Transport accidents
V550,Transport accidents
V551,Transport accidents
V553,Transport accidents
V554,Transport accidents
V555,Transport accidents
V556,Transport accidents
V559,Transport accidents
V564,Transport accidents
V565,Transport accidents
V566,Transport accidents
V567,Transport accidents
V569,Transport accidents
V570,Transport accidents
V571,Transport accidents
V572,Transport accidents
V573,Transport accidents
V574,Transport accidents
V575,Transport accidents
V576,Transport accidents
V577,Transport accidents
V579,Transport accidents
V580,Transport accidents
V581,Transport accidents
V582,Transport accidents
V583,Transport accidents
V584,Transport accidents
V585,Transport accidents
V586,Transport accidents
V587,Transport accidents
V589,Transport accidents
V590,Transport accidents
V591,Transport accidents
V592,Transport accidents
V593,Transport accidents
V594,Transport accidents
V595,Transport accidents
V596,Transport accidents
V598,Transport accidents
V599,Transport accidents
V601,Transport accidents
V602,Transport accidents
V603,Transport accidents
V604,Transport accidents
V605,Transport accidents
V606,Transport accidents
V607,Transport accidents
V609,Transport accidents
V625,Transport accidents
V629,Transport accidents
V634,Transport accidents
V635,Transport accidents
V636,Transport accidents
V639,Transport accidents
V640,Transport accidents
V641,Transport accidents
V643,Transport accidents
V644,Transport accidents
V645,Transport accidents
V646,Transport accidents
V647,Transport accidents
V649,Transport accidents
V650,Transport accidents
V651,Transport accidents
V653,Transport accidents
V654,Transport accidents
V655,Transport accidents
V656,Transport accidents
V659,Transport accidents
V660,Transport accidents
V665,Transport accidents
V666,Transport accidents
V669,Transport accidents
V670,Transport accidents
V671,Transport accidents
V673,Transport accidents
V674,Transport accidents
V675,Transport accidents
V676,Transport accidents
V677,Transport accidents
V679,Transport accidents
V680,Transport accidents
V681,Transport accidents
V682,Transport accidents
V683,Transport accidents
V684,Transport accidents
V685,Transport accidents
V686,Transport accidents
V687,Transport accidents
V689,Transport accidents
V690,Transport accidents
V691,Transport accidents
V692,Transport accidents
V693,Transport accidents
V694,Transport accidents
V695,Transport accidents
V696,Transport accidents
V698,Transport accidents
V699,Transport accidents
V706,Transport accidents
V709,Transport accidents
V726,Transport accidents
V730,Transport accidents
V735,Transport accidents
V736,Transport accidents
V739,Transport accidents
V745,Transport accidents
V746,Transport accidents
V749,Transport accidents
V769,Transport accidents
V770,Transport accidents
V771,Transport accidents
V773,Transport accidents
V775,Transport accidents
V776,Transport accidents
V779,Transport accidents
V780,Transport accidents
V781,Transport accidents
V782,Transport accidents
V783,Transport accidents
V784,Transport accidents
V785,Transport accidents
V786,Transport accidents
V789,Transport accidents
V790,Transport accidents
V791,Transport accidents
V792,Transport accidents
V793,Transport accidents
V794,Transport accidents
V795,Transport accidents
V796,Transport accidents
V798,Transport accidents
V799,Transport accidents
V800,Transport accidents
V801,Transport accidents
V802,Transport accidents
V804,Transport accidents
V805,Transport accidents
V807,Transport accidents
V808,Transport accidents
V809,Transport accidents
V810,Transport accidents
V811,Transport accidents
V812,Transport accidents
V813,Transport accidents
V814,Transport accidents
V815,Transport accidents
V816,Transport accidents
V817,Transport accidents
V818,Transport accidents
V819,Transport accidents
V821,Transport accidents
V824,Transport accidents
V825,Transport accidents
V826,Transport accidents
V827,Transport accidents
V828,Transport accidents
V829,Transport accidents
V830,Transport accidents
V831,Transport accidents
V832,Transport accidents
V833,Transport accidents
V834,Transport accidents
V835,Transport accidents
V836,Transport accidents
V837,Transport accidents
V839,Transport accidents
V840,Transport accidents
V841,Transport accidents
V842,Transport accidents
V843,Transport accidents
V844,Transport accidents
V845,Transport accidents
V846,Transport accidents
V847,Transport accidents
V849,Transport accidents
V850,Transport accidents
V851,Transport accidents
V852,Transport accidents
V853,Transport accidents
V854,Transport accidents
V855,Transport accidents
V856,Transport accidents
V857,Transport accidents
V859,Transport accidents
V860,Transport accidents
V861,Transport accidents
V862,Transport accidents
V863,Transport accidents
V864,Transport accidents
V865,Transport accidents
V866,Transport accidents
V867,Transport accidents
V869,Transport accidents
V870,Transport accidents
V871,Transport accidents
V872,Transport accidents
V873,Transport accidents
V874,Transport accidents
V875,Transport accidents
V876,Transport accidents
V877,Transport accidents
V878,Transport accidents
V879,Transport accidents
V880,Transport accidents
V881,Transport accidents
V882,Transport accidents
V883,Transport accidents
V884,Transport accidents
V886,Transport accidents
V887,Transport accidents
V888,Transport accidents
V889,Transport accidents
V890,Transport accidents
V891,Transport accidents
V892,Transport accidents
V893,Transport accidents
V899,Transport accidents
V900,Transport accidents
V901,Transport accidents
V902,Transport accidents
V903,Transport accidents
V904,Transport accidents
V905,Transport accidents
V906,Transport accidents
V907,Transport accidents
V908,Transport accidents
V909,Transport accidents
V910,Transport accidents
V911,Transport accidents
V912,Transport accidents
V913,Transport accidents
V914,Transport accidents
V915,Transport accidents
V916,Transport accidents
V917,Transport accidents
V918,Transport accidents
V919,Transport accidents
V920,Transport accidents
V921,Transport accidents
V922,Transport accidents
V923,Transport accidents
V924,Transport accidents
V925,Transport accidents
V926,Transport accidents
V927,Transport accidents
V928,Transport accidents
V929,Transport accidents
V930,Transport accidents
V931,Transport accidents
V932,Transport accidents
V933,Transport accidents
V934,Transport accidents
V935,Transport accidents
V936,Transport accidents
V938,Transport accidents
V939,Transport accidents
V940,Transport accidents
V941,Transport accidents
V942,Transport accidents
V943,Transport accidents
V944,Transport accidents
V945,Transport accidents
V946,Transport accidents
V947,Transport accidents
V948,Transport accidents
V949,Transport accidents
V950,Transport accidents
V951,Transport accidents
V952,Transport accidents
V953,Transport accidents
V954,Transport accidents
V958,Transport accidents
V959,Transport accidents
V960,Transport accidents
V961,Transport accidents
V962,Transport accidents
V968,Transport accidents
V969,Transport accidents
V970,Transport accidents
V971,Transport accidents
V972,Transport accidents
V973,Transport accidents
V978,Transport accidents
V980,Transport accidents
V990,Transport accidents